Title,Author,Score,URL,Text
Is there any point to home insurance?,FrankFriedPotato,0,https://www.reddit.com/r/AskUK/comments/1bkhgo6/is_there_any_point_to_home_insurance/,"Im watching some show on Rakuten called Home Horrors or something.   
So many people have had their houses collapse, or burn, or something that destroys their house.   
Nearly all of them the insurance companies do nothing and let the plots rot for years,   


So I need some uplifting news? is it worth it? has it ever helped you? Ive had it for years for like 1k a year"
Home insurance called our builder to haggle on claim - is this standard practice?,rm212,6,https://www.reddit.com/r/AskUK/comments/1ecksu5/home_insurance_called_our_builder_to_haggle_on/,"Hi there, 

Just wanted to asked if people have ever heard of this happening. 

Our home insurance provider is currently settling a claim we had with them. They‚Äôre ¬£275 off from what the cheapest builder of the three quotes we‚Äôve submitted at asking for. It is a cash settlement, so they‚Äôre not engaging the builder directly. 

Today, they called the builder directly to try to haggle him down by the ¬£275. We weren‚Äôt told that they were going to do this in advance, only after they had already done it. The builder has asked for the weekend to consider, just worried that they might get annoyed and pull out after being pressured by the insurance company directly. They were already over ¬£1000 cheaper than the other two quotes. 

This direct contact to haggle with them seems very strange, I‚Äôve never heard of it happening before. Has anyone else had an experience like this? 

Thanks in advance! "
Is home insurance worth it?,PathologicalLiar_,4,https://www.reddit.com/r/AskUK/comments/qvmo93/is_home_insurance_worth_it/,"Wife is suddenly terrified of break ins and theft, suggesting spending ¬£1000 on a security system (cameras, sensors and range extensions etc). 

I am not sure if it‚Äôs worth it, perhaps home insurance is a more practical alternative? How much does it usually cost per month?"
What are my options for home insurance?,Anxious-G-231,1,https://www.reddit.com/r/AskUK/comments/17bdkq1/what_are_my_options_for_home_insurance/,"Hello! I moved to the UK 6 months ago. I‚Äôve had issues getting a permanent place to rent but was able to get one two months after. My agent had suggested for me to get a home insurance (for my belongings as the landlord already has property insurance) but because of some other things I need to arrange to fully get settled in I haven‚Äôt gotten one yet. Four months into renting, I‚Äôve been researching online but can only see 12 month plans, which is okay but me and my partner are planning to move to a bigger place after the contract here ends.

My question now is, are there options to obtain monthly insurance instead or less than 1 year coverage? Or if i get a one year insurance, will I be able to carryover the policy in case we successfully move after our current tenancy? 

Also, any suggestions? I was looking into Aviva and Admiral but would love to hear your thoughts?

Thank you in advance for reading and for any replies! Would be very helpful! ‚ò∫Ô∏è"
Can someone advice on best home insurance?,Ffxiv-TOS,0,https://www.reddit.com/r/AskUK/comments/178za7e/can_someone_advice_on_best_home_insurance/,I‚Äôve heard that some insurance companies aren‚Äôt willing to cover on a house if it‚Äôs going through probate and is empty. It would be really appreciated if anyone who has had to apply for home insurance can advise on the companies they went with.
"As a tenant, should I buy home insurance?",tpnat45,3,https://www.reddit.com/r/AskUK/comments/152z9je/as_a_tenant_should_i_buy_home_insurance/,"The tenancy contract by itself, doesn't mention of home insurance or anything like that. So, legally I am not obliged to buy it? However, if something goes wrong in the house, say a window is broken or there is some damage to the wall or even a small fire destroyed part of the house, would I be in immense financial debt to cover such things? Do home owners insure their house and does that cover such issues? Please help me understand how it works. "
Rebuild/contents value for home insurance?,bollarddd,4,https://www.reddit.com/r/AskUK/comments/xf2nzg/rebuildcontents_value_for_home_insurance/,"Hi there

My husband and I bought our home 7 years ago and I am renewing our home insurance through a broker (always purchased it direct before but our cover needs have changed). Our previous cover has always been unlimited for both the rebuild cost of the home and contents. The broker says I have to stipulate an amount for both aspects and I have no idea how much it costs to rebuild a home. I asked them if there was a set amount usually suggested for our size of home and location but they don‚Äôt seem keen to provide any guidance. Any idea where I can find out what a reasonable amount would be? Thanks!"
Are there any Home insurance companies that actually pay out?,Objective-General-88,3,https://www.reddit.com/r/AskUK/comments/127rgp2/are_there_any_home_insurance_companies_that/,"I‚Äôm renewing my home insurance and looking at reviews. I‚Äôve gone through about 10 companies‚Äô trustpilot and reviews. They all have 5 star reviews saying how easy it is to get insurance, then all 1 star reviews from people who have actually needed to claim. 
Are there any home insurance companies in the UK that do pay out without huge amounts of hassle in the event that you have claimed? 
At the moment I‚Äôm considering going with the cheapest (Hastings premier or Intelligent Insurance) since they are all brokers and all have the same awful reviews regardless of price."
Can you claim home insurance for large electric bill due to fault?,holybannaskins,3,https://www.reddit.com/r/AskUK/comments/16jnk2o/can_you_claim_home_insurance_for_large_electric/,The immersion heater in my parents house was faulty and stayed permanently on for a prolonged period of time. This has led to a huge electricity bill. I don't suppose insurance would ever cover that...
If you withdraw a claim does your home insurance premium still go up?,Crackgodx,1,https://www.reddit.com/r/AskUK/comments/176fqo1/if_you_withdraw_a_claim_does_your_home_insurance/,"Hi, I am getting some work assessed after a leak and have informed my home insurance provider. I was wondering if it's worth following through with the claim if the work is below a certain amount? (For example with a very minor car accident)

Or now that I've started the process will they increase the premiums regardless I withdraw?"
Home insurance claims experience?,iluvtsumtsum,3,https://www.reddit.com/r/AskUK/comments/nbg4fd/home_insurance_claims_experience/,"We are looking to buy home insurance as our old provider is putting in a 10% increase to the renewal premium, despite not having claimed a single penny every since we bought the policy with them.  Just went on confused.com and bunch of company came up giving a much lower premium providing pretty much the same cover.  With home insurance, unfortunately you won‚Äôt know how good the company is until you need to make a claim. Just want to see if there are any ones we need to avoid. Tescobank is coming up cheapest, anyone has any experience with them?

Many thanks in advance."
Home insurance with subsidence?,rread97,2,https://www.reddit.com/r/AskUK/comments/udviem/home_insurance_with_subsidence/,"Can anybody point me in the right direction of a company who my family can use to take out home insurance on our house that‚Äôs being renovated and includes subsidence (which is being fixed) as part of the renovations.

Have tried several insurance companies and they all say the same, won‚Äôt insure until the subsidence is fixed and they also won‚Äôt give us any advice/direction of what to do next?"
Should I go through home insurance for white goods?,jimjamming,3,https://www.reddit.com/r/AskUK/comments/yr14ax/should_i_go_through_home_insurance_for_white_goods/,"Apologies for the ignorance. My dishwasher has broken and I want to buy a new one, but some people have said that I should go through my home insurance to get it sorted. I still need to check the policy, but I was wondering what I should do? 

Our washing machine broke a few months back and I just replaced it myself with a new one. Should I have gone through insurance then? Very confusing  stuff"
Does anybody have any good home insurance recommendations for contents stored both inside home and in shed?,2ManyProblems2,2,https://www.reddit.com/r/AskUK/comments/13yqnon/does_anybody_have_any_good_home_insurance/,"As the title suggests, I am looking into adding home contents cover to my include high value items stored in my shed. 

&#x200B;

I store a couple of bikes in my shed which together are probably worth \~¬£8,000. Storing them within my home has become unviable, however, my current insurance with admiral does not cover contents stored in outbuildings/sheds unless I pay for the premium package but this would still only cover the shed for a maximum of  ¬£5,000. 

I looked into Lakka bike insurance which would be \~¬£40 a month, but I feel like paying ¬£480 a year on top of my current home insurance seems a bit much when there is likely a insurer out there that would simply add the shed to my current premium (hopefully covering it for the entire ¬£8000).

&#x200B;

Does anybody know of any home insurers that do this? I have tried [comparethemarket.com](https://comparethemarket.com) but it doesn't give an option for specifying insurers that cover high value items stored in sheds."
Employer suggesting I add my company laptop to my personal home insurance. Is this normal?,Inevitable-Sherbert,7,https://www.reddit.com/r/AskUK/comments/109giun/employer_suggesting_i_add_my_company_laptop_to_my/,"I‚Äôm pretty sure that unless you are the owner, and purchased the item your home insurance won‚Äôt cover it."
Why does home insurance need to know about building work?,Swimming_Army1908,1,https://www.reddit.com/r/AskUK/comments/whldpd/why_does_home_insurance_need_to_know_about/,"I'm renewing my home insurance and they ask if there is any building work going. I currently do have a porch being replaced however this will be completed by the time they renewal starts. Do I still need to tell them that I have building work going on as it won't be at the time of activation? 

I have tried contacting insurance companies regards this however have been unsuccessful in getting an answer.

Edit - I got an answer, they like to know because of damages/theft. They also said I can wait until building work is done before completing the quote, providing of course the work is actually complete before the insurance is needed."
"Home insurance claim for stolen bike, help?",Guy8910,3,https://www.reddit.com/r/AskUK/comments/pxsetm/home_insurance_claim_for_stolen_bike_help/,"Hi AskUk, I am trying to make a contents insurance claim for a bike that was stolen in London, big surprise I know.

Anyway the insurer is seeking to deny payment over the fact that I am the sole named policyholder and the bike technically is my girlfriends who I live with and that therefore her contents apparently aren't covered as she is an adult over 18 who is not a listed policyholder.

This bike was specifically listed as an item to be insured when I got the policy as well.

Does anybody have any idea how to approach this. The bike cost ¬£1,300 so I think that the claim is worth it over the slight potential increase in premiums next year."
Home insurance for one month?,player_zero_,4,https://www.reddit.com/r/AskUK/comments/jb74ic/home_insurance_for_one_month/,"Hiya, I'm selling my house and it'll probably complete next month, but my home insurance has run out and apparently its standard practice to insure for a full year ü§∑‚Äç‚ôÇÔ∏è

Could anyone recommend a decent short term insurance company please or advice on how to tackle the one month please? Thanks very much!!"
Boring Home Insurance Question,grmacp,0,https://www.reddit.com/r/AskUK/comments/9w3xcn/boring_home_insurance_question/,"2 questions really.

1. Why can't my current insurer match my renewal quote to the same price as a new quote? It seems such a faff cancelling and then signing up as a new customer

2. Does anyone know anything about Hastings Essential? There is ¬£10 of difference between them and Hastings Directfor what I can see is an identical quote"
URGENT: How to get mum to buy home insurance,homeinsuranceq,0,https://www.reddit.com/r/AskUK/comments/2zxyg9/urgent_how_to_get_mum_to_buy_home_insurance/,"

I just discovered that my mum doesn't have ANY home insurance whatsoever. My mum owns her own house outright, mortgage paid off years ago, but she doesn't have home insurance. I told her she needs to have home insurance by law, and everything I have read online says I am right. Besides the utter foolishness of gambling with the weather that could destroy the house at any time and she'd lose everything without insurance to cover the cost, what if a brick blows off the roof and hits a pedestrian? She would be liable for millions in compensation. But she insists that it isn't a legal requirement and that nothing bad will come of not having it. How do I convince her that she is wrong and get her to buy insurance? I am seriously freaking out about this. I don't want to report her to the council but if she leaves me no alternative then I have to. I really just need to convince her to get insurance before they find out."
Home insurance in the short term,BristolBomber,2,https://www.reddit.com/r/AskUK/comments/9g9vrc/home_insurance_in_the_short_term/,"We are about to move house (conveyancing currently, so hopefully 8-10 weeks). 
However our home insurance is die for renewal.

I know buildings and contents is not super expensive stuff but i would rather not be paying for a year when we will only need a few months before movibg to our new property.

What options do we have? (this is the first time we have sold and moved so i don't really know the deal here)."
How do you find out information about the house for home insurance prior to moving in?,emilesmithbro,1,https://www.reddit.com/r/AskUK/comments/sclmly/how_do_you_find_out_information_about_the_house/,"We are completing on a house in a few weeks time, and our solicitor suggested getting home insurance from the completion date because at that point it‚Äôs our responsibility. My uncle‚Äôs family have been a victim to this - a day after completion a previous owner‚Äôs disgruntled ex wife came in a damaged floors and walls, thankfully only cosmetic damage but still costs money to repair. 

When getting quotes, there are some questions which I just wouldn‚Äôt know an accurate answer to, such as the exact type of locks used on every door, and I‚Äôm conscious of the fact that providing wrong info may invalidate insurance. 

Should I speak with the agent to get this information, or ask about current home insurance? Not sure if it‚Äôs too much to ask."
Home insurance question,Crnhyuo,1,https://www.reddit.com/r/AskUK/comments/4uckdg/home_insurance_question/,"Does home insurance cover natural deterioration over many years, like needing a new roof because it has come to the end of its life, or do you still have to pay for that in addition to paying for insurance?"
home insurance issue :( being fobbed off,diamondnine,2,https://www.reddit.com/r/AskUK/comments/51vrlq/home_insurance_issue_being_fobbed_off/,"Hi 
I had a leak at my house as the leak was under the floor we didnt notice untill we recived a letter from our water company.

I immediately contacted my insurance Barclays (Aviva), long story short they installed some drying machines which didnt cover all the areas now i can smell dump, when i complained they are saying this is due to rain water which i believe is not true as i have lived in the house for over 4 years and never had this problem before.

They are refusing to help me and i am worried about the well being of my family, what options do i have? If you have been in a similar situation please share your expertise.

Thanks

"
Leak destroyed by kitchen floor. Got a claim in progress with home insurance then found the leak was caused by a faulty Amazon purchase. Do I continue the claim or pursue damages with Amazon? Or both?,greenhedgeman,2,https://www.reddit.com/r/AskUK/comments/12bocdp/leak_destroyed_by_kitchen_floor_got_a_claim_in/,Leak destroyed by kitchen floor. Got a claim in progress with home insurance then found the leak was caused by a faulty Amazon purchase. Do I continue the claim or pursue damages with Amazon? Or both?
Have you ever gone full Karen and asked to speak to the manager? What was the result?,MerlinOfRed,681,https://www.reddit.com/r/AskUK/comments/10o50ld/have_you_ever_gone_full_karen_and_asked_to_speak/,"I'm inspired by the replies on another thread about people turning into so-called 'Karens', but which I mean asking to speak to the manager. I used the ""can I speak with your manager"" line for the first time last week and it was mortifying. I was so ashamed of myself, but it worked and I got the result that I wanted.

I had been contacted by a debt collection agency informing me that I needed to pay them ¬£75 due to unpaid cancellation fee on my home insurance. The problem was, I'd never cancelled my insurance and this was the first time I'd heard that my flat was uninsured. 

I renewed my insurance in November. I had received all the information documents on my online account. I checked them at the time and then got on with my life. Apparently it had been cancelled in December and I had no idea. I phoned the insurance, explained the situation, and I was back and forth with this lady for over an hour.

What had happened was that the payment hadn't gone through so they sent me a letter in the post informing me. They continued to send letters as they escalated the situation, cancelled my policy, slapped on a ¬£40 fine, and then increased this to ¬£75 when I still didn't pay. The issue was that although they had changed the flat that was insured, they hadn't actually updated my postal address. All these letters were going to my old flat. I was none the wiser.

The lady I was speaking to was insisting that I paid and saying that there was nothing she could do. After an hour of this, I asked if there was anyone else I could speak with. She first said ""I think my manager is busy, are you sure?"". I insisted. The manager solved the whole situation in under 3 minutes. The entire fee was waived, I was reinsured, and I even got two months insurance for free as a 'goodwill gesture'.

I feel guilty for asking to speak to the manager as it probably reflects badly on the likely overworked call centre employee, but I think she probably didn't have the permissions to do what needed to be done. By going to the manager I was able to save everyone valuable time - I only wish I'd done so sooner.

Does anyone else had a similar story? Or have you ever been on the other end and thought that the customer might have a point?"
Anyone made use of Legal Protection that is a part of some Home Insurance policies?,2monkeys1coconut,4,https://www.reddit.com/r/AskUK/comments/6b6ifg/anyone_made_use_of_legal_protection_that_is_a/,"Some of the Home Insurance policies include legal protection. Typical wording of one such policy is attached at the end of this post. Has anyone successfully used such a policy for settling legal claims?

I am considering getting such a policy for a leasehold I am looking to buy. Per the rep selling the policy this policy would cover disputes with freeholder or the property management company. Just checking if anyone has experience using policies like this to cover legal expenses including disputes with freeholder or property management companies. 

Typical language


What it covers

* Family Legal Protection provides up to ¬£100,000 legal costs to help with a legal claim

* Legal advice line available 24 hours a day, 365 days a year

* No excess to pay

What it doesn‚Äôt cover

* Cover when there is less than a 51% chance of a successful claim
"
"What personal insurances do you have, and which do you think are worth it?",FuckingPope,7,https://www.reddit.com/r/AskUK/comments/1764z1c/what_personal_insurances_do_you_have_and_which_do/,"For example, do you have any life insurance or income protection insurance or anything like that? 

I've got to get a home insurance for a place, but the person doing it is talking about all these other ones, so wanted to see which are worth it."
"Is my property classed as ""unoccupied""?",nrugor,13,https://www.reddit.com/r/AskUK/comments/195wfxd/is_my_property_classed_as_unoccupied/,"Moved into a new home, my old home is now empty. Home insurance is due in a few weeks. One question was, ""Will the property be unoccupied for more than 30 days?"".

I visit the property every week or two to collect the mail and have a look around (it's a few hundred meters away).

Would these visits count as occupying the property?"
Can I get buildings insurance for 6 months?,Connect_Boss6316,3,https://www.reddit.com/r/AskUK/comments/18dswl1/can_i_get_buildings_insurance_for_6_months/,"My buildings and contents insurance is up for renewal in a week. I know that in 6 months I'll sell my house. I couldn't find any decent home insurance for 6 months (there are insurance quotes for unoccupied or undergoing-refurb properties but they're even more expensive than my annual quote).

So, my question is - if I get an annual policy and sell my house in 6 months, will the insurance company give me a refund of sorts?

Tia."
"If the wind carries off one of my fence panels, am I supposed to go out searching for it?",Jenkes_of_Wolverton,1,https://www.reddit.com/r/AskUK/comments/19c3vd3/if_the_wind_carries_off_one_of_my_fence_panels_am/,"I have home insurance, and wouldn't want to go out till after the weather is calmer. Just wondering how these things would pan out and if I am personally responsible for retrieval."
Do I need to claim back all of the VAT of my insurance settlement in one claim?,dandrage76,1,https://www.reddit.com/r/AskUK/comments/1d9truj/do_i_need_to_claim_back_all_of_the_vat_of_my/,"Reclaiming VAT from house insurance settlement

I'm in England.

 (I posted this in legal advice but didn't get any responses so I'm trying here instead).

I'll try to keep this short and to the point, but if more details are needed I am happy to provide. 

We claimed on our home insurance due to an escape of water and were told by the insurance company that they omit the VAT amount and we can reclaim it once the work has been done and we have provided invoices. 

The settlement figure was (round figures only) ¬£24k with ¬£4k removed for VAT and ¬£500 reduced for the policy excess meaning we received ¬£19.5k

I have sent them an invoice for ¬£6k for the supply of a kitchen and have been told that I must reclaim all of the VAT in one go by providing invoices of at least the settlement figure (¬£19.5k).  Is this correct, legally speaking?  I understand they would prefer to just make one payment, but surely I should be able to claim back part of the VAT amount that was omitted."
Is it childish to post a rant on local Facebook group after a tom cat ruined a room in my house?,12point75,0,https://www.reddit.com/r/AskUK/comments/11dhmhx/is_it_childish_to_post_a_rant_on_local_facebook/,"An un-neutered cat somehow got locked into the house over the weekend and managed to hide itself in a room we hardly use. The outcome was a very smelly room and we have had to completely gut the room, flooring and certain non washable items as the stench was unbearable. The cat seemed well looked after and didn't seem feral so I think someone owns it.

So far we have washed and repainted the walls and skirting and ripped up, and in the process of,  replacing the laminate flooring. Our home insurance company says we are not covered. Yay!

Should I post a rant on the local Facebook group or just suck it up? I've asked around neighbours and they don't know who's cat it may belong to."
"Neighbour's tree likely to fall, what to do?",Several-Pickle-5108,38,https://www.reddit.com/r/AskUK/comments/1bo4z0d/neighbours_tree_likely_to_fall_what_to_do/,"My neighbour (lone female) has a tree that is overrun with ivy, and is well on its' way to falling over due to being so to top heavy, you can see the roots are being pulled out of the ground.  The tree is in her garden, being held up by her fence, but leans into my garden and its current lean angle means it will fall on top of my boundary fence.  The lean of the tree is now so steep that I won't let my young lad play under the tree, as the her fence could give way without warning.  I have had reasonable quotes from professional tradesmen who deal with dangerous tree removal and passed them onto her, as she was getting stupid quotes by tradesman when they visited her - clearly looking to fleece her for the work.

QUESTION: Should I be encouraging her (and how to do this without looking like I am bullying her) to come to a decision really quickly (before the tree and ivy gets thicker/heavier), or should I reach out to my home insurance and let them deal with it?  

FACTS: She doesn't own her home any more (sold it to a pension/equity release company) but I suspect she is liable for the up-keep, her picket fence is propping up the tree and it will fall on my fence line causing damage to concrete posts, kickboard and 5ft wooden panels."
"Theres a leak under our shower, do I contact plumber, homeserve or insurance?",Stubee1988,2,https://www.reddit.com/r/AskUK/comments/15ng8ar/theres_a_leak_under_our_shower_do_i_contact/,Sorry for the stupid question but am new to being a homeowner and being responsible for this stuff. Think there's a leak under the shower in our ensuite as some stains are appearing on the ceiling underneath it downstairs. I have home insurance and homeserve plumbing cover. Do I get homeserve to fix it then contact insurance to get any damage repaired?
Did you adult today?,CaptMelonfish,0,https://www.reddit.com/r/AskUK/comments/17a9jft/did_you_adult_today/,"This morning I renewed my home insurance, getting a better policy at a cheaper price. I capped my energy with my provider and organised boiler cover for the new boiler.
Then I washed and dried all the towels.

I mean, that's me for the month, there's very little chance of me doing anything else but watching cartoons for the rest of the week at the least.

What did you do today that you'd consider an ""Adult"" task?"
Do UK insurance contractors make up their prices to fix things?,ohbroth3r,3,https://www.reddit.com/r/AskUK/comments/1cxvbjg/do_uk_insurance_contractors_make_up_their_prices/,"Broke a window, called the home insurance, they sent the job to Evander, they sent Evander employee with Evander T Shirt and Evander van to measure the window.
He asked me if I wanted to know the price of the window in case I wanted to avoid going through the insurance, I said no as I was adamant the window would cost more than the excess of ¬£200.
When he left I thought I might just ask when they call me before I pay them the ¬£200.
I get a call, they tell me to progress the claim I need to pay the ¬£200 excess, I ask how much the claim was total and they don't know. They try to ring another department but they're not in.
They call back two days later, different guy, says he's my case handler and the other person was inexperienced and he will get the price from the technical department. Waits two days  and calls me back and says it's ¬£190 claim. So do I still want to go through insurance.
I think about it and then ask 'how come you were asking me to pay ¬£200 on two separate calls without Knowing how much the claim was for?
He says 'oh we would always check, because I'm so experienced with claims I would never just ask someone to pay without checking because I'd think , hmm I bet that isn't the worth the full excess' 
So I say ""well the first person didn't check and neither did you until I asked you to check. If you're phoning people up asking to settle the excess and you don't have the claim cost on your screen then how can you phone up to have that conversation? ""
He then says that he would just know what to do but some others might not. 
Something tells me he thought he was doing good by me by making it cheaper than ¬£200 and giving me less of a bill, but I'm super pissed that they seem to be able to make up a price or would have made money out of me if I hadn't asked

How the heck do these companies operate?"
Water leak repair. Can I cover it with insurance claim?,kingsolo84,1,https://www.reddit.com/r/AskUK/comments/15cifps/water_leak_repair_can_i_cover_it_with_insurance/,"I have discovered a water leakage problem due to sink tap water and bath tub water. I am getting it fix in a week but my question is shall I fix it by approved watersafe plumber and then claim it from my home insurance as I am covered.

Thanks.

P.S I have all the pictures of before and after and video of area from where water is leaking."
Underpinning during extension works but no building control paperwork. Is this a problem?,RelativeSafety1859,2,https://www.reddit.com/r/AskUK/comments/1dz4ylv/underpinning_during_extension_works_but_no/,"We are trying to buy a house where a big extension was done in 2006 after getting planning permission. The council planning permission says ‚ÄúUnderpinning and extension‚Äù. The house is really nice. Surveyor did notice the underpinning in records but did not make it an issue. He was the bank‚Äôs surveyor so valued the house at the correct/agreed price with no issues. According to the surveyor nothing to indicate any issues structurally (He is not a structural surveyor of course).

Our solicitors have raised this and asked for paperwork. The vendor has sent over some architectural drawings which talks about underpinning but when asked about building control sign off, the vendor responded by saying that they never got it. So our solicitors have gone back (without asking me), to push for a retrospective Building control inspection to sign off the works.

My question are:
1.	Is it common to have underpinning done when extending? It was a big extension, small bungalow to an almost 200sqm house. Our environmental survey did point the whole area as having soft soil so the whole town is at high risk of subsidence.
2.	Was there even a requirement to get things signed off by Building control back in 2006?
3.	How much would this bother anyone?
4.	Would home insurance be an issue? Some of them ask if there ever was underpinning and some specifically ask about subsidence.
Thanks"
What can I do about our horrible neighbour causing flooding on our driveway?,Stirlar05,5,https://www.reddit.com/r/AskUK/comments/15dt801/what_can_i_do_about_our_horrible_neighbour/,"Hi all,

We‚Äôve got pretty awful neighbours who take absolutely no care of their house and won‚Äôt seem to speak to us at all. 

They have a gutter on the front of their house which runs into a drain at the bottom of the driveway (our driveways slope downwards towards the house). When it rains the drain overflows and causes water to build up and the front of our house in a huge puddle which is causing damp. 

We contacted our water board who inspected the drain and advised that the pipe had collapsed underground and needed replacing. They told us to contact our home insurance. 

The drain is on our neighbours property so should we be footing this bill?"
What kind of insurance would help pay for personal items lost due to structural damage from rodents?,samzeman,2,https://www.reddit.com/r/AskUK/comments/qqqaiv/what_kind_of_insurance_would_help_pay_for/,"I rent a flat.

I know I'm making a few leaps here, and this answer wouldn't even help me if the rodents are already in the house and I don't have the insurance - but I'm paranoid. If they chew through something important and spray water all over the inside of the floor under my room, and the floor falls through or my room floods, is there a type of insurance that would protect my stuff (probably my computer most of all)? 

I know not renter's insurance from Google, and not home insurance. It's the landlord's duty to make sure rodents can't get in though, so as long as I've done all I can (not leaving food out, putting mesh on the holes I find)"
Are you paying more because you can‚Äôt pay upfront?,nottsgal,71,https://www.reddit.com/r/AskUK/comments/85wqa8/are_you_paying_more_because_you_cant_pay_upfront/,"The term 'poverty premium' is used to estimate how much more low-income households pay than higher income households for the same goods and services. 

It can mean that a typical low-income family can pay up to ¬£1,700 per year more for the same essential goods and services as a similar higher income family. This is the equivalent of two months' rent outside of London.

The All-Party Parliamentary Group (APPG) on Poverty is holding an inquiry to understand the extent of the 'poverty premium' so that it can make recommendations to Government and businesses on how to tackle it. To do this the APPG wants to hear your thoughts. 

There are many examples of the 'poverty premium' in practice, for example households on lower incomes are more likely to have to:

- prepay for their energy, even though this is more expensive than paying for it monthly
- use expensive credit like payday loans to make ends meet 
- pay for household goods like TVs or washing machines in instalments, despite this sometimes costing three times as much as paying upfront
- pay for car or home insurance monthly, despite this costing more than paying annually

If the 'poverty premium' has affected you, please share your story. 

The APPG will be collecting your comments on Money Saving Expert website until 28th March 2018. Share your story [HERE](http://forums.moneysavingexpert.com/showthread.php?t=5811313&page=2#topofpage)

EDIT: they are also accepting direct submissions to them if you dont want to share your experiences with others - you can do this by completing an online form found - [HERE](http://www.appgpoverty.org.uk/home-page/poverty-premium-inquiry-and-business-toolkit/)"
Do you get your boiler serviced annually? How easy is it to find willing engineers where you are?,MachiavellianKarp,5,https://www.reddit.com/r/AskUK/comments/ppxdde/do_you_get_your_boiler_serviced_annually_how_easy/,"Since buying our place a few years ago, my wife and I have always had an annual boiler service. It‚Äôs that time of year again and by god is it hard to find someone willing to do such a ‚Äúsmall‚Äù job. More than one local engineer has asked why on Earth I‚Äôd bother with a service‚Ä¶

‚Ä¶well it‚Äôs a requirement of our home insurance for cover (presumably for boiler related things) to be valid. Must be <15 years old and serviced annually.

Is this something many homeowners really are just laissez faire about?"
What's the fairest way to split household bills?,Far_Camel_5098,0,https://www.reddit.com/r/AskUK/comments/xqa61v/whats_the_fairest_way_to_split_household_bills/,"I am a divorced single parent.  My kids are 20 and 17.  Eldest at Uni but living at home.  Youngest doing A levels at college.

My new partner moved in during lockdown and we've decided to live together forever now.   I'll be adding her to the mortgage and we will become ""tenants in common"" so that I can protect the equity I built up before we met, but she can have a stake in the property and benefit from the home improvements she's done with me since moving in.

If we stay together forever I'll probably sign over half of the house to her eventually, or split it 3 ways between her and my kids.

My question is about the other household bills I.e. NOT the mortgage.

It wouldn't be fair for me to ask her to pay 1/2 of energy, council tax, water and home insurance etc.  After all - my kids are not her kids and she's not responsible for them.

But the kids aren't earning yet apart from a bit of cash from part time jobs so I don't think her paying 1/4 of the bills is fair on me either.

So do I just split the difference between 1/4 and 1/2 and ask her to pay 1/3?"
What type of house do I live in? (For insurance purposes),internetf1fan,2,https://www.reddit.com/r/AskUK/comments/yv57ux/what_type_of_house_do_i_live_in_for_insurance/,"So I am renewing my home insurance and my current provider was double checking type my house is. I always assume it was end of terrace or semi-detached, but since the garages are attached with my neighbours, I am now very confused. 

Here's the layout of the houses from front and top view. I am house number 3 with garage number 3. There is no entry to garage from inside the house, there is a door at the back garden. 

https://i.imgur.com/TvQ1vJn.png

What even is this? end of terrace? mid terrace? linked semi detached?

Appreciate any advice.

Edit: FYI Zoopla has it listed as End of terrace while Rightmove has it listed as Terraced."
Spongey floorboard in downstairs loo - what trade do I need?,carlhunt3r,1,https://www.reddit.com/r/AskUK/comments/122rtim/spongey_floorboard_in_downstairs_loo_what_trade/,"Hey reddit, not sure where to turn with this. I've noticed in my downstairs toilet the flooring feels a bit sponge-y near the wall, which has a radiator on it, and on the corner where the toilet is... i.e. a lot of water-type stuff. Therefore, I am wondering if I've got a leak somewhere. 

I've isolated the radiator, which hasn't improved the situation (perhaps made it worse as its not drying out anymore?), and I can't see anything obviously wrong around the toilet pan. Do I need a generic plumber to help find the suspected leak or would it be a handyman or specialist like a drain engineer? I've got emergency coverage on my home insurance however that can only be used once the leak has been identified (""trace and access"" is not included, apparently)

Any help is greatly appreciated fellow UK redditors!"
Getting new windows fitted - do I need any kind of insurance or legal cover?,dudetwelvetimes,1,https://www.reddit.com/r/AskUK/comments/8m97fi/getting_new_windows_fitted_do_i_need_any_kind_of/,"Hello all,


I'm getting some quotes to have new windows installed in my flat (uPVC, double-glazed). Someone just mentioned to me that I should have home insurance for legal-related reasons in case one of the workers has an accident or something. Is this true - do I need to have some kind of legal cover? Would the window-installation company not have their own legal cover...? Would it best for me to get home insurance (like contents insurance) to cover this kind of thing?


Thank you!"
My Home emergency claim is on hold because the locksmith's company has an invalid VAT number. What do I do?,BlackKojak,1,https://www.reddit.com/r/AskUK/comments/pejkya/my_home_emergency_claim_is_on_hold_because_the/,"Last Wednesday, I accidentally locked myself out of my flat at night.

I panicked and looked up a [locksmith company](https://nearest-locksmith24.co.uk/) through Google. They assigned me a locksmith that arrived in 20 mins.

While waiting, I was curious to find out if my home insurance offers and covers it. They offered a ¬£500 emergency repair cover and affiliated companies. I told them I called one on the way but would've gone through them if I knew ahead of time. They assured me that they'd reimburse me as long as I provide the itemised receipt and cause of the issue.

The locksmith arrived, I explained the situation (key on the inside, lock jammed) then gave me a quote for the job. He did a great job and replaced the old lock with a new secure lock. He gave me a receipt, I paid then went his way.

While scanning the receipts, I wondered why the locksmith didn't ask to confirm if I'm the homeowner. I thought that would've been part of the procedure.

**Recent development**

My home insurer calls back to let me know **my claim is on hold** because the locksmith's VAT number is invalid. They've asked me to provide a valid VAT number but don't know how to get in touch with the locksmith's company.

I've tried:

1. Contacting the locksmith agency (they told me to contact the locksmith)
2. Contacting the tradesman (not responding to calls or recent texts)
3. Sending an email to the locksmith company (Name, address, email, business and VAT number are on the receipt)
4. Contacting Citizens Advice Bureau (aren't available since it's a bank holiday)
5. Looking up the company via [Companies Register](https://find-and-update.company-information.service.gov.uk/company/11897036). They are active but have no contact info.

If I can't get hold of the locksmiths, what options do I have? I was really looking forward to getting my ¬£390 back."
"I'm a Tennant, and the tree in the garden has fell into the neighbours garden. Am I liable or is it the landlord?",scathachmkat,1,https://www.reddit.com/r/AskUK/comments/xbnjxo/im_a_tennant_and_the_tree_in_the_garden_has_fell/,"So with the weather we had last week, part of the tree has fallen down into a neighbors garden and broke a fencing panel. As soon as we had realised, myself and my girlfriend who live together contacted the letting agency about the situation and sent photos. We haven't took an axe to the tree, and we haven't caused any damage to the tree.tp cause it to fall.

We recently got a response that the letting agency is looking into it, and quote: ""getting a quote for you"".

The writing of it makes me think that the letting agency or/and the landlord is expecting us to fork out the money for it. I'm stressed that this is the case and that we can't afford it. I'm under the impression from looking it up online that it's the landlord who should be liable and not us, and that the landlords home insurance should cover it but I don't know if that's how reality works. 

I've had issues with the landlord in the past, such as arriving at the house without notification, as well as unlocking the house and entering without permission."
"House insurance, what should I do?",Richie2516,0,https://www.reddit.com/r/AskUK/comments/szse7g/house_insurance_what_should_i_do/,"Evening all,

Obligatory typed on mobile warning.

Sorry for the long boring post but not sure where else to address to.

In November last year, my neighbour had a small electrical fire in his loft (not a grow...) luckily he spotted it straight away and had fire brigade there in minutes.  I'd only moved in 6 days prior to this and due to the shifts I was on I hadn't got round to emptying the storage facility that all the non essential stuff for the house move was kept which included the entire contents of my loft.

The only affect on my property was smoke damage, it did blacken all the boards and insulation in the loft so this has been replaced under (currently) my home insurance with a ¬£250 excess.

It did mean however that I had to leave the contents of my loft in storage so I brought home what I could and reduced the storage size as much as I was able to and started a new contract which ran for 3 months, ending 4 days after my loft was boarded out.  When I last spoke to the insurance company they stated because the loft was empty during the fire they will not reimburse the cost of storage for the 3 months.

This week scaffolding has been put up next door to address the issues with the neighbours roof, the company did contact me to ask permission to overhang on my property slightly to provide more cover to which I agreed as I didn't think it would cause an issue but they have removed the top bracket on my TV aerial and rested it on the side of the chimney to fit this cover over, this has left me without live TV for the next 6 weeks.

So my questions are;

Do I get my excess back through neighbours insurance?
Should I be entitled to the cost of storage being refunded?
What can I do about not having TV due to scaffolding next door?

Thanks."
Where Can I Get Accidental Watch Insurance,vikingdog,3,https://www.reddit.com/r/AskUK/comments/26vibe/where_can_i_get_accidental_watch_insurance/,"Im looking to buy a watch, and Ive seen it for ¬£109 online and ¬£145 in H Samuel. HS offers their own insurance cover for up to 5 years but is an extra ¬£30. Im struggling to find a company that would insure/cover a watch. When I search Watch insurance I get high class jewellery insurance or home insurance, and accidental watch insurance, is asking me if Ive been involved in a car accident.   
edit  the lightest scratch could ruin it link to the watch  http://www.sarahbeth.co.uk/citizen-watch-stainless-steel-with-black-ion-plating-eco-drive-mens-sport-bv1085-06e-13917-p.asp
"
How to stop scam calls?,Born-Veterinarian-44,6,https://www.reddit.com/r/AskUK/comments/ihjpe5/how_to_stop_scam_calls/,"Hello, lately I‚Äôve been getting some scam calls and texts from various numbers. Mostly about home insurance, car offers and also sometimes an automated call asking me to confirm if I I‚Äôve had a car accident which is false. My telephone provider doesn‚Äôt really help me so I am not sure what to do..."
I own a leasehold flat with my husband. The windy rains make our ceilings against the exterior of the flat leak. Am I able to get the council to do something to fix this?,taliewood,7,https://www.reddit.com/r/AskUK/comments/l1mi4l/i_own_a_leasehold_flat_with_my_husband_the_windy/,"As mentioned, I own a flat with my husband. I'm an expat, so I don't really know how these things work.

We live on the ground floor of a 4 unit house. 3 units are leasehold, and the one above ours is an elderly council resident. The building belongs to the council.

Last January and February we noticed whenever there was a particularly bad combo of rain and wind, our window sill in the bedroom would be covered in water. We have narrowed the water entrance down to a crack along where the wall meets drop ceiling over the window. 

We believe the bricks of the building are letting water in when the wind blows it at the right angle and it's running in to our flat. I called the council last winter to query, but nothing was done and I never heard back. 

I want to call insurance, but my husband insists home insurance won't cover it when the bricks belong to the council. The council didn't return my calls last year. I've just come into my bedroom today to see the same.

We've just repainted and are trying to make a home for ourselves. I really don't want it to mould and fall apart to damp around our feet.

Can someone please, please advise me what the right course of action is?

Thank you so much in advance for any help you can provide!"
"Who is responsible for a roof repair, me or the factors?",WellFiredRoll,2,https://www.reddit.com/r/AskUK/comments/sxadir/who_is_responsible_for_a_roof_repair_me_or_the/,"I've lived in my top-floor flat for about a decade now and up until this past week I've not had any major issues.  We all know what happened this week and whilst my building was well out of the way of Eunice and her temper tantrum (I'm in Glasgow), I've noticed that my roof has started to leak.  I had someone go into the roof-space for me a few days ago and he came back down and said, yup, there's water getting into the roof-space round about a roof anchor (it's a metal loop fixed into the roof that allows for maintenance workers to hook themselves safely to the building).  Thing is:  the water damage itself must have been going on for the past couple of years and I know that my building hasn't had the normal annual inspection of the roof anchors because of You Know What.  

So, now I've got a roofing contractor coming up to assess the damage and see if they can implement a quick-fix on Tuesday (and if they can't, they'll try and at least mitigate the ingress).  That's fine.  I'm not really that fussed about getting the roof fixed - I have good insurance, never made a claim, all that jazz.  But I've started worrying (at the speed of dark, such as the way my mind works) - but I am worried about getting the water-staining on my ceiling fixed.  Should I get the factor to repair that (even though I own my flat, someone pointed out to me that the ingress itself isn't my fault and my factor should have made arrangements for an inspection as soon as the various lockdowns came to an end) or should I claim it on my home insurance?  I don't want to arse it up - I'm planning on selling up and moving to a smaller place this year and I'm worrying about my insurance company demanding to know why I never reported the ingress to *them* in the first place.  As you can tell, yeah, I'm pretty shit at this sort of thing.  I mean, is the roof repair solely my responsibility (because it's affecting only my flat) or is it the responsibility of the factor (because they maintain the entire fabric of the building)?"
Boiler service paperwork?,LittlePinkNinja,1,https://www.reddit.com/r/AskUK/comments/fp8fjd/boiler_service_paperwork/,"Hi folks,

I had my boiler repaired and serviced in January so that it was covered fully by the boiler insurance I took out through my home insurance.

My boiler chap gave me an invoice stating it had been serviced and a part replaced.

I now need to make a claim as I've been without hot water and heating since Friday. I called them and they've told me my invoice isn't enough and I need some sort of service document.

I've never had one of those before, my mum hasn't had one and my partner hasn't had one as far as they remember.

Is this commonplace? My boiler repair guy isnt answering calls so I can't ask him to give me a different document so I'm a bit stuck.

Ta"
Can I use this front door handle/lock in the UK?,dwwwwwt,7,https://www.reddit.com/r/AskUK/comments/3caspb/can_i_use_this_front_door_handlelock_in_the_uk/,"I'm purchasing a new front door and can't find a handle like this one anywhere. They are common in the US but can't find one in any UK store. 

http://www.homedepot.com/p/Kwikset-Arlington-Single-Cylinder-Satin-Nickel-Handle-Set-with-Lido-Lever-Feat-SmartKey-800ANXLL-15-SMT-CP/100597293

Is there a reason for this? Does it have something to do with special uk/eu regulations over safety/security? If I were to find one and install it would it affect my home insurance? Thanks!"
"If I phone to cancel a renewal, get fed up with being passed around 5 times and just send them an email cancelling, and cancel the direct debit, do they have any recourse?",Riffler,2,https://www.reddit.com/r/AskUK/comments/3uzu6o/if_i_phone_to_cancel_a_renewal_get_fed_up_with/,"Fucking AA. Got a free membership with my home insurance last year; cancelling it by phone is a bad joke; told the 6th person I had to speak to to go fuck himself; emailed their complaints dept instead. I know that's the whole point of free membership, but if they chase for the money and my bank screws up and pays them, or they sue, what are my chances?"
Bad experience with an insurance company and don't know where I stand?,tolpedicat,3,https://www.reddit.com/r/AskUK/comments/6vzjxi/bad_experience_with_an_insurance_company_and_dont/,"sorry if this doesn't belong here - just let me know and I will remove :)
This is long. I am going to bullet point most of it so it's easier to digest. A little background though - me and my partner bought a house a few months ago, and 3 insurance policies (as far as i can gather) were set up by our financial adviser with no input from us. The UK company is a very well known one, which I thought were well thought of (a google search shows them having a 3.1 on TrustPilot though). The insurance I think we have is critical illness cover for the two of us, and home insurance. Here are the issues we've had.

1) We have had no confirmation from the company that we have any policies with them. so i'm only assuming what we have - I have nothing solid on paper or digitally. yes, they're charging us monthly for these.

2) Because we have no confirmation, we have no policy number or any terms/conditions. This is the only reason why we haven't stopped paying in case they charge us some extortionate fee that we cannot afford, because we don't know the terms of cancellation.

3) The very few letters they've sent has gone to our old addresses, even though they have our new one. They sent out a form for us to complete in June, (which we only got from the people living there in August) and on the letter it states that if it's not sent back to them within 14 days they cannot start the policy (this is how I know we have Critical Illness Cover - they were health forms for it). They haven't received a response, but they're still charging for it. Have they contacted us asking why we haven't responded? nope.

4) We have no terms and conditions. For anything. For example I'm pretty sure we have home insurance with them, but if something was to happen we have no idea who to call, what to quote and what the hell is covered and what's not.

5) I've emailed. with all of the above. they told us to 'login to our account online' to see what we have. um, we can't? you've never sent us any login details or anything? so we set that up - but now we're locked out because their friggin password didn't work. To sort it we have to call a number that charges. Great. Thanks guys

6) When I emailed them, they didn't respond to me, but emailed my partner. Pretty rude but whatever. Shows they have his contact details though. OH - and the email had terrible grammar, the wrong dates and seemed to be written by a 9 year old ... to the point where we thought it was a scam at first.

Please help. Any advice about anything will help. I'm just sick of being in the dark and I feel like i'm stuck paying these guys. :("
What happens if the communal stairway where you own a flat gets condemned?,Sanuuu,2,https://www.reddit.com/r/AskUK/comments/i2xlcq/what_happens_if_the_communal_stairway_where_you/,"I'm looking to buy a flat at some point in the next year or so. The area I'm looking at is dominated by victorian tenements which are in a... variable condition. Most of them have been around for some 120 years. This got me thinking - surely there must be an expiry date on a building.

That in turn made me wonder what happens if a building enters it's end-of-life through no fault of your own, like an inspection discovering a fundamental fault with the walls or the other owners of flats in the stairway refusing to pay up should a major maintenance fault crop up.

What happens in such a situation. Do home insurances cover that usually? Or do you just write off the property?"
Travel insurance valuables cover question,strauje,1,https://www.reddit.com/r/AskUK/comments/2djoji/travel_insurance_valuables_cover_question/,"Heading to the States for a couple of weeks on Tuesday and still need to buy travel insurance. All the policies on Money Supermarket and whatever look fine apart from the maximum single-item value limit. 

Most of the policies have a cap of ¬£3-500 per item under contents cover, but I want to take my laptop and camera with me which are both worth more than that. 

So just wondering if anyone has any advice as to how to get these covered in the most cost-effective way possible because I'm not particularly well-versed when it comes to the wide world of insurance. Can't be put on our home insurance unfortunately before anybody suggests that. 

Thanks a bunch for any help. "
Getting an idea about quality of life and cost of living in Cheshire (potential job opportunity near Warrington)?,fertthrowaway,6,https://www.reddit.com/r/AskUK/comments/r7n840/getting_an_idea_about_quality_of_life_and_cost_of/,"Hi, I'm American and my husband is Hungarian and we have a 3 year old daughter. We're currently living in the Bay Area of CA. We moved here in early 2018 after spending several years in the Copenhagen metro area, since I got a job offer with relocation and I wanted to try out the crazy biotech scene here. I have a PhD and work in biotech (very specific niche role for which there are more jobs in the Bay Area than anywhere else) and my husband also has a PhD and is currently a senior engineer at a global company with a UK office in Gloucestershire. He might be able to arrange remote work with them and a lot of their UK staff are remote (he is currently over 95% work from home now).

While there are things we like here, it's crazy expensive and competitive and I felt like I missed Denmark since the moment we got here. I've mostly readjusted to the US but things that used to be normal to me drive me nuts now. Salaries are really high but it still feels like the cost of living eats it up. Quality of life is particularly poor where we're located in this region due to high crime and homelessness, and housing is too expensive to do anything but indefinitely rent and we're in our 40s and tired of this.

So I was recently contacted on LinkedIn by a UK headhunter for a highly appropriate role (right level and exactly what I do) and found out in a call today that the job is between Liverpool and Manchester (looked up exact location and it seems to be in a research park south of Warrington, technically in Daresbury) and he thinks I'd be in the ¬£55-60k salary range. If my husband could arrange something with his company, he would most likely also be in that range. Of course still a lot to get through with interviewing, and maybe they'll just prefer a UK candidate in the end etc, but I'm trying to figure out what things look like cost of living wise there with ¬£110-120k combined salaries? What would after tax monthly income look like, after pension and tax and all that? How much does childcare typically cost in this region and is it hard to find spots in daycares? How are public schools? 

We would want to buy a house if we went there, maybe after initially renting to get our bearings. I'm seeing 3 br free-standing homes listed for minimum ¬£250-400k in the area (what does it mean when a listing says e.g. ""offers in excess of ¬£235k"" - and do homes go well over list price usually or close to it? Bay Area is absurd and stuff goes for $300+k over list in bidding wars so I have no idea anymore). I could put a large deposit of maybe up to ¬£120k and real estate website says on that for a ¬£300k price it'd only be ¬£634/mo on a 35 year mortgage (friend there told us if you get a 35 year loan you can pay it back early, which we would definitely do at that price) which seems really low. What other costs are there, are there property taxes, home insurance etc and what would those add? 

Thanks for any ballpark ideas and numbers, or any other comments about this region...would save me a lot of time vs extensive research when I don't even have an employment offer yet. I was happy the position was not in the southeast although I know the northwest is more rough but ""up and coming"", or at least that's been my impression."
Garage door has broken just before house move.,MaltDizney,7,https://www.reddit.com/r/AskUK/comments/9obaie/garage_door_has_broken_just_before_house_move/,"Me and the Mrs are moving out of her owned flat in a couple days, and due to Murphy's law the garage door has decided to break (I believe a cable has snapped or something) preventing it from closing.


We have NO time to deal with this before the move takes place, how do we go about sorting this out? Is it something that we're obligated to do?


Some additional notes, the home insurance has ended and the new owners policy has commenced as of the contract exchange date last week. But I didn't want to assume that they should just make a claim under their policy. If its a case of they move in, and we're liable to pay then so be it, and less stress as we'd have moved by then.


Edit: Thanks for all the responses. We ended up telling our solicitor, and she arranged for a modest retention fee to be left to the buyer for cost of fixing. Made life much easier not having to deal with it directly."
A landlord is avoiding paying council tax - am I liable for tax evasion?,tax_pedant,2,https://www.reddit.com/r/AskUK/comments/2a9e88/a_landlord_is_avoiding_paying_council_tax_am_i/,"So I'm currently looking around for a place to rent. Found the perfect house that ticks all the boxes - on viewing the property and meeting the landlord, they tell me that I won't have to pay council tax or for Sky TV.

How the landlord explained the situation: the house was previously a holiday home (as are four other homes on the landlord's site). The landlord deliberately hasn't  registered the house with the council as a permanent residence since it stopping being a holiday home, so there is no council tax. 

Now obviously, this is dodgy and absolutely evading paying council tax and makes me very uncomfortable. I'm pretty sure that all the other properties on the site are in the same position. My question is - how much of this is my problem? I know it is the tenant's responsibility to pay council tax, but is it the tenant's responsibility to get the property correctly assessed by the council? Would I be liable through knowing about it and not reporting it?

It rang a lot of alarm bells: would having the home not properly assessed void my home insurance in the case of an accident? Could I not join the electoral register in the area as the council would then know I'm living in a non-listed house? 

Many thanks for any help you knowledgeable people can give!

"
